{"assets/icons/.DS_Store":["assets/icons/.DS_Store"],"assets/images/.DS_Store":["assets/images/.DS_Store"],"assets/fonts/BeVietnam/BeVietnam-Bold.ttf":["assets/fonts/BeVietnam/BeVietnam-Bold.ttf"],"assets/fonts/BeVietnam/BeVietnam-BoldItalic.ttf":["assets/fonts/BeVietnam/BeVietnam-BoldItalic.ttf"],"assets/fonts/BeVietnam/BeVietnam-ExtraBold.ttf":["assets/fonts/BeVietnam/BeVietnam-ExtraBold.ttf"],"assets/fonts/BeVietnam/BeVietnam-ExtraBoldItalic.ttf":["assets/fonts/BeVietnam/BeVietnam-ExtraBoldItalic.ttf"],"assets/fonts/BeVietnam/BeVietnam-Italic.ttf":["assets/fonts/BeVietnam/BeVietnam-Italic.ttf"],"assets/fonts/BeVietnam/BeVietnam-Light.ttf":["assets/fonts/BeVietnam/BeVietnam-Light.ttf"],"assets/fonts/BeVietnam/BeVietnam-LightItalic.ttf":["assets/fonts/BeVietnam/BeVietnam-LightItalic.ttf"],"assets/fonts/BeVietnam/BeVietnam-Medium.ttf":["assets/fonts/BeVietnam/BeVietnam-Medium.ttf"],"assets/fonts/BeVietnam/BeVietnam-MediumItalic.ttf":["assets/fonts/BeVietnam/BeVietnam-MediumItalic.ttf"],"assets/fonts/BeVietnam/BeVietnam-Regular.ttf":["assets/fonts/BeVietnam/BeVietnam-Regular.ttf"],"assets/fonts/BeVietnam/BeVietnam-SemiBold.ttf":["assets/fonts/BeVietnam/BeVietnam-SemiBold.ttf"],"assets/fonts/BeVietnam/BeVietnam-SemiBoldItalic.ttf":["assets/fonts/BeVietnam/BeVietnam-SemiBoldItalic.ttf"],"assets/fonts/BeVietnam/BeVietnam-Thin.ttf":["assets/fonts/BeVietnam/BeVietnam-Thin.ttf"],"assets/fonts/BeVietnam/BeVietnam-ThinItalic.ttf":["assets/fonts/BeVietnam/BeVietnam-ThinItalic.ttf"],"packages/cupertino_icons/assets/CupertinoIcons.ttf":["packages/cupertino_icons/assets/CupertinoIcons.ttf"],"assets/fonts/BeVietnam/OFL.txt":["assets/fonts/BeVietnam/OFL.txt"],"assets/icons/Rectangle%2010.png":["assets/icons/Rectangle%2010.png"],"assets/icons/tabs/account-active.svg":["assets/icons/tabs/account-active.svg"],"assets/icons/tabs/account-inactive.svg":["assets/icons/tabs/account-inactive.svg"],"packages/country_pickers/assets/ad.png":["packages/country_pickers/assets/ad.png"],"packages/international_phone_input/assets/flags/ad.png":["packages/international_phone_input/assets/flags/ad.png"],"assets/icons/product_detail/add-stepper.svg":["assets/icons/product_detail/add-stepper.svg"],"packages/country_pickers/assets/ae.png":["packages/country_pickers/assets/ae.png"],"packages/international_phone_input/assets/flags/ae.png":["packages/international_phone_input/assets/flags/ae.png"],"assets/images/country/ae.png":["assets/images/country/ae.png"],"packages/international_phone_input/assets/flags/af.png":["packages/international_phone_input/assets/flags/af.png"],"packages/country_pickers/assets/af.png":["packages/country_pickers/assets/af.png"],"packages/country_pickers/assets/ag.png":["packages/country_pickers/assets/ag.png"],"packages/international_phone_input/assets/flags/ag.png":["packages/international_phone_input/assets/flags/ag.png"],"packages/country_pickers/assets/ai.png":["packages/country_pickers/assets/ai.png"],"packages/international_phone_input/assets/flags/ai.png":["packages/international_phone_input/assets/flags/ai.png"],"packages/international_phone_input/assets/flags/al.png":["packages/international_phone_input/assets/flags/al.png"],"packages/country_pickers/assets/al.png":["packages/country_pickers/assets/al.png"],"assets/icons/categories/all.png":["assets/icons/categories/all.png","assets/icons/categories/2.0x/all.png","assets/icons/categories/3.0x/all.png"],"packages/international_phone_input/assets/flags/am.png":["packages/international_phone_input/assets/flags/am.png"],"packages/country_pickers/assets/am.png":["packages/country_pickers/assets/am.png"],"packages/international_phone_input/assets/flags/an.png":["packages/international_phone_input/assets/flags/an.png"],"packages/country_pickers/assets/an.png":["packages/country_pickers/assets/an.png"],"packages/international_phone_input/assets/flags/ao.png":["packages/international_phone_input/assets/flags/ao.png"],"packages/country_pickers/assets/ao.png":["packages/country_pickers/assets/ao.png"],"assets/images/appIcon.png":["assets/images/appIcon.png"],"assets/icons/appicon.png":["assets/icons/appicon.png"],"assets/images/applogo.png":["assets/images/applogo.png","assets/images/2.0x/applogo.png","assets/images/3.0x/applogo.png"],"packages/international_phone_input/assets/flags/aq.png":["packages/international_phone_input/assets/flags/aq.png"],"packages/country_pickers/assets/aq.png":["packages/country_pickers/assets/aq.png"],"packages/country_pickers/assets/ar.png":["packages/country_pickers/assets/ar.png"],"packages/international_phone_input/assets/flags/ar.png":["packages/international_phone_input/assets/flags/ar.png"],"assets/icons/setting/arrow-forward.svg":["assets/icons/setting/arrow-forward.svg"],"assets/icons/arrow_backward.svg":["assets/icons/arrow_backward.svg"],"assets/icons/arrow_forward.svg":["assets/icons/arrow_forward.svg"],"packages/country_pickers/assets/as.png":["packages/country_pickers/assets/as.png"],"packages/international_phone_input/assets/flags/as.png":["packages/international_phone_input/assets/flags/as.png"],"packages/country_pickers/assets/at.png":["packages/country_pickers/assets/at.png"],"packages/international_phone_input/assets/flags/at.png":["packages/international_phone_input/assets/flags/at.png"],"packages/international_phone_input/assets/flags/au.png":["packages/international_phone_input/assets/flags/au.png"],"packages/country_pickers/assets/au.png":["packages/country_pickers/assets/au.png"],"packages/country_pickers/assets/aw.png":["packages/country_pickers/assets/aw.png"],"packages/international_phone_input/assets/flags/aw.png":["packages/international_phone_input/assets/flags/aw.png"],"packages/international_phone_input/assets/flags/ax.png":["packages/international_phone_input/assets/flags/ax.png"],"packages/country_pickers/assets/ax.png":["packages/country_pickers/assets/ax.png"],"packages/country_pickers/assets/az.png":["packages/country_pickers/assets/az.png"],"packages/international_phone_input/assets/flags/az.png":["packages/international_phone_input/assets/flags/az.png"],"packages/country_pickers/assets/ba.png":["packages/country_pickers/assets/ba.png"],"packages/international_phone_input/assets/flags/ba.png":["packages/international_phone_input/assets/flags/ba.png"],"packages/international_phone_input/assets/flags/bb.png":["packages/international_phone_input/assets/flags/bb.png"],"packages/country_pickers/assets/bb.png":["packages/country_pickers/assets/bb.png"],"packages/country_pickers/assets/bd.png":["packages/country_pickers/assets/bd.png"],"packages/international_phone_input/assets/flags/bd.png":["packages/international_phone_input/assets/flags/bd.png"],"packages/international_phone_input/assets/flags/be.png":["packages/international_phone_input/assets/flags/be.png"],"packages/country_pickers/assets/be.png":["packages/country_pickers/assets/be.png"],"packages/international_phone_input/assets/flags/bf.png":["packages/international_phone_input/assets/flags/bf.png"],"packages/country_pickers/assets/bf.png":["packages/country_pickers/assets/bf.png"],"packages/international_phone_input/assets/flags/bg.png":["packages/international_phone_input/assets/flags/bg.png"],"packages/country_pickers/assets/bg.png":["packages/country_pickers/assets/bg.png"],"packages/country_pickers/assets/bh.png":["packages/country_pickers/assets/bh.png"],"packages/international_phone_input/assets/flags/bh.png":["packages/international_phone_input/assets/flags/bh.png"],"packages/country_pickers/assets/bi.png":["packages/country_pickers/assets/bi.png"],"packages/international_phone_input/assets/flags/bi.png":["packages/international_phone_input/assets/flags/bi.png"],"packages/country_pickers/assets/bj.png":["packages/country_pickers/assets/bj.png"],"packages/international_phone_input/assets/flags/bj.png":["packages/international_phone_input/assets/flags/bj.png"],"packages/country_pickers/assets/bl.png":["packages/country_pickers/assets/bl.png"],"packages/international_phone_input/assets/flags/bl.png":["packages/international_phone_input/assets/flags/bl.png"],"packages/country_pickers/assets/bm.png":["packages/country_pickers/assets/bm.png"],"packages/international_phone_input/assets/flags/bm.png":["packages/international_phone_input/assets/flags/bm.png"],"packages/international_phone_input/assets/flags/bn.png":["packages/international_phone_input/assets/flags/bn.png"],"packages/country_pickers/assets/bn.png":["packages/country_pickers/assets/bn.png"],"packages/country_pickers/assets/bo.png":["packages/country_pickers/assets/bo.png"],"packages/international_phone_input/assets/flags/bo.png":["packages/international_phone_input/assets/flags/bo.png"],"packages/country_pickers/assets/bq.png":["packages/country_pickers/assets/bq.png"],"packages/international_phone_input/assets/flags/bq.png":["packages/international_phone_input/assets/flags/bq.png"],"packages/international_phone_input/assets/flags/br.png":["packages/international_phone_input/assets/flags/br.png"],"packages/country_pickers/assets/br.png":["packages/country_pickers/assets/br.png"],"packages/country_pickers/assets/bs.png":["packages/country_pickers/assets/bs.png"],"packages/international_phone_input/assets/flags/bs.png":["packages/international_phone_input/assets/flags/bs.png"],"packages/international_phone_input/assets/flags/bt.png":["packages/international_phone_input/assets/flags/bt.png"],"packages/country_pickers/assets/bt.png":["packages/country_pickers/assets/bt.png"],"packages/international_phone_input/assets/flags/bv.png":["packages/international_phone_input/assets/flags/bv.png"],"packages/country_pickers/assets/bv.png":["packages/country_pickers/assets/bv.png"],"packages/international_phone_input/assets/flags/bw.png":["packages/international_phone_input/assets/flags/bw.png"],"packages/country_pickers/assets/bw.png":["packages/country_pickers/assets/bw.png"],"packages/international_phone_input/assets/flags/by.png":["packages/international_phone_input/assets/flags/by.png"],"packages/country_pickers/assets/by.png":["packages/country_pickers/assets/by.png"],"packages/international_phone_input/assets/flags/bz.png":["packages/international_phone_input/assets/flags/bz.png"],"packages/country_pickers/assets/bz.png":["packages/country_pickers/assets/bz.png"],"packages/international_phone_input/assets/flags/ca.png":["packages/international_phone_input/assets/flags/ca.png"],"packages/country_pickers/assets/ca.png":["packages/country_pickers/assets/ca.png"],"assets/icons/tabs/cart-active.svg":["assets/icons/tabs/cart-active.svg"],"assets/icons/tabs/cart-inactive.svg":["assets/icons/tabs/cart-inactive.svg"],"assets/icons/cart-product-detail.svg":["assets/icons/cart-product-detail.svg"],"assets/icons/tabs/category-active.svg":["assets/icons/tabs/category-active.svg"],"assets/icons/tabs/category-inactive.svg":["assets/icons/tabs/category-inactive.svg"],"packages/country_pickers/assets/cc.png":["packages/country_pickers/assets/cc.png"],"packages/international_phone_input/assets/flags/cc.png":["packages/international_phone_input/assets/flags/cc.png"],"packages/international_phone_input/assets/flags/cd.png":["packages/international_phone_input/assets/flags/cd.png"],"packages/country_pickers/assets/cd.png":["packages/country_pickers/assets/cd.png"],"packages/country_pickers/assets/cf.png":["packages/country_pickers/assets/cf.png"],"packages/international_phone_input/assets/flags/cf.png":["packages/international_phone_input/assets/flags/cf.png"],"packages/country_pickers/assets/cg.png":["packages/country_pickers/assets/cg.png"],"packages/international_phone_input/assets/flags/cg.png":["packages/international_phone_input/assets/flags/cg.png"],"packages/international_phone_input/assets/flags/ch.png":["packages/international_phone_input/assets/flags/ch.png"],"packages/country_pickers/assets/ch.png":["packages/country_pickers/assets/ch.png"],"packages/country_pickers/assets/ci.png":["packages/country_pickers/assets/ci.png"],"packages/international_phone_input/assets/flags/ci.png":["packages/international_phone_input/assets/flags/ci.png"],"packages/country_pickers/assets/ck.png":["packages/country_pickers/assets/ck.png"],"packages/international_phone_input/assets/flags/ck.png":["packages/international_phone_input/assets/flags/ck.png"],"packages/international_phone_input/assets/flags/cl.png":["packages/international_phone_input/assets/flags/cl.png"],"packages/country_pickers/assets/cl.png":["packages/country_pickers/assets/cl.png"],"assets/icons/address/close-popup.svg":["assets/icons/address/close-popup.svg"],"packages/international_phone_input/assets/flags/cm.png":["packages/international_phone_input/assets/flags/cm.png"],"packages/country_pickers/assets/cm.png":["packages/country_pickers/assets/cm.png"],"packages/country_pickers/assets/cn.png":["packages/country_pickers/assets/cn.png"],"packages/international_phone_input/assets/flags/cn.png":["packages/international_phone_input/assets/flags/cn.png"],"packages/country_pickers/assets/co.png":["packages/country_pickers/assets/co.png"],"packages/international_phone_input/assets/flags/co.png":["packages/international_phone_input/assets/flags/co.png"],"assets/icons/categories/coat.png":["assets/icons/categories/coat.png","assets/icons/categories/2.0x/coat.png","assets/icons/categories/3.0x/coat.png"],"lib/common/config.dart":["lib/common/config.dart"],"lib/common/config_en.json":["lib/common/config_en.json"],"lib/common/config_vi.json":["lib/common/config_vi.json"],"lib/common/constants.dart":["lib/common/constants.dart"],"assets/icons/categories/cosmetics.png":["assets/icons/categories/cosmetics.png","assets/icons/categories/2.0x/cosmetics.png"],"packages/international_phone_input/assets/countries.json":["packages/international_phone_input/assets/countries.json"],"assets/icons/setting/coupon.svg":["assets/icons/setting/coupon.svg"],"packages/international_phone_input/assets/flags/cr.png":["packages/international_phone_input/assets/flags/cr.png"],"packages/country_pickers/assets/cr.png":["packages/country_pickers/assets/cr.png"],"packages/country_pickers/assets/cu.png":["packages/country_pickers/assets/cu.png"],"packages/international_phone_input/assets/flags/cu.png":["packages/international_phone_input/assets/flags/cu.png"],"packages/country_pickers/assets/cv.png":["packages/country_pickers/assets/cv.png"],"packages/international_phone_input/assets/flags/cv.png":["packages/international_phone_input/assets/flags/cv.png"],"packages/international_phone_input/assets/flags/cw.png":["packages/international_phone_input/assets/flags/cw.png"],"packages/country_pickers/assets/cw.png":["packages/country_pickers/assets/cw.png"],"packages/country_pickers/assets/cx.png":["packages/country_pickers/assets/cx.png"],"packages/international_phone_input/assets/flags/cx.png":["packages/international_phone_input/assets/flags/cx.png"],"packages/international_phone_input/assets/flags/cy.png":["packages/international_phone_input/assets/flags/cy.png"],"packages/country_pickers/assets/cy.png":["packages/country_pickers/assets/cy.png"],"packages/international_phone_input/assets/flags/cz.png":["packages/international_phone_input/assets/flags/cz.png"],"packages/country_pickers/assets/cz.png":["packages/country_pickers/assets/cz.png"],"packages/country_pickers/assets/de.png":["packages/country_pickers/assets/de.png"],"packages/international_phone_input/assets/flags/de.png":["packages/international_phone_input/assets/flags/de.png"],"packages/international_phone_input/assets/flags/dj.png":["packages/international_phone_input/assets/flags/dj.png"],"packages/country_pickers/assets/dj.png":["packages/country_pickers/assets/dj.png"],"packages/country_pickers/assets/dk.png":["packages/country_pickers/assets/dk.png"],"packages/international_phone_input/assets/flags/dk.png":["packages/international_phone_input/assets/flags/dk.png"],"packages/country_pickers/assets/dm.png":["packages/country_pickers/assets/dm.png"],"packages/international_phone_input/assets/flags/dm.png":["packages/international_phone_input/assets/flags/dm.png"],"packages/country_pickers/assets/do.png":["packages/country_pickers/assets/do.png"],"packages/international_phone_input/assets/flags/do.png":["packages/international_phone_input/assets/flags/do.png"],"assets/icons/categories/dress.png":["assets/icons/categories/dress.png","assets/icons/categories/2.0x/dress.png","assets/icons/categories/3.0x/dress.png"],"packages/country_pickers/assets/dz.png":["packages/country_pickers/assets/dz.png"],"packages/international_phone_input/assets/flags/dz.png":["packages/international_phone_input/assets/flags/dz.png"],"packages/international_phone_input/assets/flags/ec.png":["packages/international_phone_input/assets/flags/ec.png"],"packages/country_pickers/assets/ec.png":["packages/country_pickers/assets/ec.png"],"assets/icons/tabs/edit-profile.svg":["assets/icons/tabs/edit-profile.svg"],"packages/international_phone_input/assets/flags/ee.png":["packages/international_phone_input/assets/flags/ee.png"],"packages/country_pickers/assets/ee.png":["packages/country_pickers/assets/ee.png"],"packages/country_pickers/assets/eg.png":["packages/country_pickers/assets/eg.png"],"packages/international_phone_input/assets/flags/eg.png":["packages/international_phone_input/assets/flags/eg.png"],"packages/international_phone_input/assets/flags/eh.png":["packages/international_phone_input/assets/flags/eh.png"],"packages/country_pickers/assets/eh.png":["packages/country_pickers/assets/eh.png"],"assets/icons/cart/empty-cart-illustration.png":["assets/icons/cart/empty-cart-illustration.png","assets/icons/cart/2.0x/empty-cart-illustration.png","assets/icons/cart/3.0x/empty-cart-illustration.png"],"assets/icons/order/empty-order-illustration.png":["assets/icons/order/empty-order-illustration.png","assets/icons/order/2.0x/empty-order-illustration.png","assets/icons/order/3.0x/empty-order-illustration.png"],"assets/icons/address/empty-shipping-address-illustration.png":["assets/icons/address/empty-shipping-address-illustration.png","assets/icons/address/2.0x/empty-shipping-address-illustration.png","assets/icons/address/3.0x/empty-shipping-address-illustration.png"],"packages/international_phone_input/assets/flags/er.png":["packages/international_phone_input/assets/flags/er.png"],"packages/country_pickers/assets/er.png":["packages/country_pickers/assets/er.png"],"packages/country_pickers/assets/es.png":["packages/country_pickers/assets/es.png"],"packages/international_phone_input/assets/flags/es.png":["packages/international_phone_input/assets/flags/es.png"],"packages/international_phone_input/assets/flags/et.png":["packages/international_phone_input/assets/flags/et.png"],"packages/country_pickers/assets/et.png":["packages/country_pickers/assets/et.png"],"packages/international_phone_input/assets/flags/eu.png":["packages/international_phone_input/assets/flags/eu.png"],"packages/country_pickers/assets/eu.png":["packages/country_pickers/assets/eu.png"],"packages/font_awesome_flutter/lib/fonts/fa-brands-400.ttf":["packages/font_awesome_flutter/lib/fonts/fa-brands-400.ttf"],"packages/font_awesome_flutter/lib/fonts/fa-regular-400.ttf":["packages/font_awesome_flutter/lib/fonts/fa-regular-400.ttf"],"packages/font_awesome_flutter/lib/fonts/fa-solid-900.ttf":["packages/font_awesome_flutter/lib/fonts/fa-solid-900.ttf"],"assets/icons/facebook%20icon.png":["assets/icons/facebook%20icon.png"],"assets/icons/facebook%20icon@2x.png":["assets/icons/facebook%20icon@2x.png"],"packages/country_pickers/assets/fi.png":["packages/country_pickers/assets/fi.png"],"packages/international_phone_input/assets/flags/fi.png":["packages/international_phone_input/assets/flags/fi.png"],"packages/international_phone_input/assets/flags/fj.png":["packages/international_phone_input/assets/flags/fj.png"],"packages/country_pickers/assets/fj.png":["packages/country_pickers/assets/fj.png"],"packages/international_phone_input/assets/flags/fk.png":["packages/international_phone_input/assets/flags/fk.png"],"packages/country_pickers/assets/fk.png":["packages/country_pickers/assets/fk.png"],"packages/country_pickers/assets/fm.png":["packages/country_pickers/assets/fm.png"],"packages/international_phone_input/assets/flags/fm.png":["packages/international_phone_input/assets/flags/fm.png"],"packages/country_pickers/assets/fo.png":["packages/country_pickers/assets/fo.png"],"packages/international_phone_input/assets/flags/fo.png":["packages/international_phone_input/assets/flags/fo.png"],"packages/country_pickers/assets/fr.png":["packages/country_pickers/assets/fr.png"],"packages/international_phone_input/assets/flags/fr.png":["packages/international_phone_input/assets/flags/fr.png"],"packages/country_pickers/assets/ga.png":["packages/country_pickers/assets/ga.png"],"packages/international_phone_input/assets/flags/ga.png":["packages/international_phone_input/assets/flags/ga.png"],"packages/country_pickers/assets/gb-eng.png":["packages/country_pickers/assets/gb-eng.png"],"packages/international_phone_input/assets/flags/gb-eng.png":["packages/international_phone_input/assets/flags/gb-eng.png"],"packages/international_phone_input/assets/flags/gb-nir.png":["packages/international_phone_input/assets/flags/gb-nir.png"],"packages/country_pickers/assets/gb-nir.png":["packages/country_pickers/assets/gb-nir.png"],"packages/country_pickers/assets/gb-sct.png":["packages/country_pickers/assets/gb-sct.png"],"packages/international_phone_input/assets/flags/gb-sct.png":["packages/international_phone_input/assets/flags/gb-sct.png"],"packages/international_phone_input/assets/flags/gb-wls.png":["packages/international_phone_input/assets/flags/gb-wls.png"],"packages/country_pickers/assets/gb-wls.png":["packages/country_pickers/assets/gb-wls.png"],"packages/country_pickers/assets/gb.png":["packages/country_pickers/assets/gb.png"],"packages/international_phone_input/assets/flags/gb.png":["packages/international_phone_input/assets/flags/gb.png"],"assets/images/country/gb.png":["assets/images/country/gb.png"],"packages/country_pickers/assets/gd.png":["packages/country_pickers/assets/gd.png"],"packages/international_phone_input/assets/flags/gd.png":["packages/international_phone_input/assets/flags/gd.png"],"packages/country_pickers/assets/ge.png":["packages/country_pickers/assets/ge.png"],"packages/international_phone_input/assets/flags/ge.png":["packages/international_phone_input/assets/flags/ge.png"],"packages/international_phone_input/assets/flags/gf.png":["packages/international_phone_input/assets/flags/gf.png"],"packages/country_pickers/assets/gf.png":["packages/country_pickers/assets/gf.png"],"packages/country_pickers/assets/gg.png":["packages/country_pickers/assets/gg.png"],"packages/international_phone_input/assets/flags/gg.png":["packages/international_phone_input/assets/flags/gg.png"],"packages/country_pickers/assets/gh.png":["packages/country_pickers/assets/gh.png"],"packages/international_phone_input/assets/flags/gh.png":["packages/international_phone_input/assets/flags/gh.png"],"packages/country_pickers/assets/gi.png":["packages/country_pickers/assets/gi.png"],"packages/international_phone_input/assets/flags/gi.png":["packages/international_phone_input/assets/flags/gi.png"],"packages/international_phone_input/assets/flags/gl.png":["packages/international_phone_input/assets/flags/gl.png"],"packages/country_pickers/assets/gl.png":["packages/country_pickers/assets/gl.png"],"assets/icons/home/globe.png":["assets/icons/home/globe.png","assets/icons/home/2.0x/globe.png","assets/icons/home/3.0x/globe.png"],"packages/international_phone_input/assets/flags/gm.png":["packages/international_phone_input/assets/flags/gm.png"],"packages/country_pickers/assets/gm.png":["packages/country_pickers/assets/gm.png"],"packages/international_phone_input/assets/flags/gn.png":["packages/international_phone_input/assets/flags/gn.png"],"packages/country_pickers/assets/gn.png":["packages/country_pickers/assets/gn.png"],"packages/international_phone_input/assets/flags/gp.png":["packages/international_phone_input/assets/flags/gp.png"],"packages/country_pickers/assets/gp.png":["packages/country_pickers/assets/gp.png"],"packages/international_phone_input/assets/flags/gq.png":["packages/international_phone_input/assets/flags/gq.png"],"packages/country_pickers/assets/gq.png":["packages/country_pickers/assets/gq.png"],"packages/country_pickers/assets/gr.png":["packages/country_pickers/assets/gr.png"],"packages/international_phone_input/assets/flags/gr.png":["packages/international_phone_input/assets/flags/gr.png"],"packages/country_pickers/assets/gs.png":["packages/country_pickers/assets/gs.png"],"packages/international_phone_input/assets/flags/gs.png":["packages/international_phone_input/assets/flags/gs.png"],"packages/country_pickers/assets/gt.png":["packages/country_pickers/assets/gt.png"],"packages/international_phone_input/assets/flags/gt.png":["packages/international_phone_input/assets/flags/gt.png"],"packages/country_pickers/assets/gu.png":["packages/country_pickers/assets/gu.png"],"packages/international_phone_input/assets/flags/gu.png":["packages/international_phone_input/assets/flags/gu.png"],"packages/country_pickers/assets/gw.png":["packages/country_pickers/assets/gw.png"],"packages/international_phone_input/assets/flags/gw.png":["packages/international_phone_input/assets/flags/gw.png"],"packages/international_phone_input/assets/flags/gy.png":["packages/international_phone_input/assets/flags/gy.png"],"packages/country_pickers/assets/gy.png":["packages/country_pickers/assets/gy.png"],"assets/icons/heart-ballon.svg":["assets/icons/heart-ballon.svg"],"packages/country_pickers/assets/hk.png":["packages/country_pickers/assets/hk.png"],"packages/international_phone_input/assets/flags/hk.png":["packages/international_phone_input/assets/flags/hk.png"],"packages/country_pickers/assets/hm.png":["packages/country_pickers/assets/hm.png"],"packages/international_phone_input/assets/flags/hm.png":["packages/international_phone_input/assets/flags/hm.png"],"packages/country_pickers/assets/hn.png":["packages/country_pickers/assets/hn.png"],"packages/international_phone_input/assets/flags/hn.png":["packages/international_phone_input/assets/flags/hn.png"],"assets/icons/tabs/home-active.svg":["assets/icons/tabs/home-active.svg"],"assets/icons/tabs/home-inactive.svg":["assets/icons/tabs/home-inactive.svg"],"packages/country_pickers/assets/hr.png":["packages/country_pickers/assets/hr.png"],"packages/international_phone_input/assets/flags/hr.png":["packages/international_phone_input/assets/flags/hr.png"],"packages/international_phone_input/assets/flags/ht.png":["packages/international_phone_input/assets/flags/ht.png"],"packages/country_pickers/assets/ht.png":["packages/country_pickers/assets/ht.png"],"packages/country_pickers/assets/hu.png":["packages/country_pickers/assets/hu.png"],"packages/international_phone_input/assets/flags/hu.png":["packages/international_phone_input/assets/flags/hu.png"],"assets/icons/tabs/icon-card.png":["assets/icons/tabs/icon-card.png"],"assets/icons/tabs/icon-cart2.png":["assets/icons/tabs/icon-cart2.png"],"assets/icons/tabs/icon-category.png":["assets/icons/tabs/icon-category.png"],"assets/icons/tabs/icon-columns.png":["assets/icons/tabs/icon-columns.png"],"assets/icons/tabs/icon-list.png":["assets/icons/tabs/icon-list.png"],"assets/icons/tabs/icon-play.png":["assets/icons/tabs/icon-play.png"],"assets/icons/tabs/icon-search.png":["assets/icons/tabs/icon-search.png"],"assets/icons/tabs/icon-square.png":["assets/icons/tabs/icon-square.png"],"assets/icons/tabs/icon-tablet.png":["assets/icons/tabs/icon-tablet.png"],"assets/icons/tabs/icon-user.png":["assets/icons/tabs/icon-user.png"],"assets/icons/auth/icon_button_facebook_social.svg":["assets/icons/auth/icon_button_facebook_social.svg"],"assets/icons/auth/icon_button_google_social.svg":["assets/icons/auth/icon_button_google_social.svg"],"packages/international_phone_input/assets/flags/id.png":["packages/international_phone_input/assets/flags/id.png"],"packages/country_pickers/assets/id.png":["packages/country_pickers/assets/id.png"],"packages/country_pickers/assets/ie.png":["packages/country_pickers/assets/ie.png"],"packages/international_phone_input/assets/flags/ie.png":["packages/international_phone_input/assets/flags/ie.png"],"packages/international_phone_input/assets/flags/il.png":["packages/international_phone_input/assets/flags/il.png"],"packages/country_pickers/assets/il.png":["packages/country_pickers/assets/il.png"],"packages/country_pickers/assets/im.png":["packages/country_pickers/assets/im.png"],"packages/international_phone_input/assets/flags/im.png":["packages/international_phone_input/assets/flags/im.png"],"packages/international_phone_input/assets/flags/in.png":["packages/international_phone_input/assets/flags/in.png"],"packages/country_pickers/assets/in.png":["packages/country_pickers/assets/in.png"],"assets/icons/cart/info.svg":["assets/icons/cart/info.svg"],"packages/international_phone_input/assets/flags/io.png":["packages/international_phone_input/assets/flags/io.png"],"packages/country_pickers/assets/io.png":["packages/country_pickers/assets/io.png"],"packages/country_pickers/assets/iq.png":["packages/country_pickers/assets/iq.png"],"packages/international_phone_input/assets/flags/iq.png":["packages/international_phone_input/assets/flags/iq.png"],"packages/country_pickers/assets/ir.png":["packages/country_pickers/assets/ir.png"],"packages/international_phone_input/assets/flags/ir.png":["packages/international_phone_input/assets/flags/ir.png"],"packages/international_phone_input/assets/flags/is.png":["packages/international_phone_input/assets/flags/is.png"],"packages/country_pickers/assets/is.png":["packages/country_pickers/assets/is.png"],"packages/international_phone_input/assets/flags/it.png":["packages/international_phone_input/assets/flags/it.png"],"packages/country_pickers/assets/it.png":["packages/country_pickers/assets/it.png"],"packages/international_phone_input/assets/flags/je.png":["packages/international_phone_input/assets/flags/je.png"],"packages/country_pickers/assets/je.png":["packages/country_pickers/assets/je.png"],"packages/country_pickers/assets/jm.png":["packages/country_pickers/assets/jm.png"],"packages/international_phone_input/assets/flags/jm.png":["packages/international_phone_input/assets/flags/jm.png"],"packages/international_phone_input/assets/flags/jo.png":["packages/international_phone_input/assets/flags/jo.png"],"packages/country_pickers/assets/jo.png":["packages/country_pickers/assets/jo.png"],"packages/international_phone_input/assets/flags/jp.png":["packages/international_phone_input/assets/flags/jp.png"],"packages/country_pickers/assets/jp.png":["packages/country_pickers/assets/jp.png"],"packages/country_pickers/assets/ke.png":["packages/country_pickers/assets/ke.png"],"packages/international_phone_input/assets/flags/ke.png":["packages/international_phone_input/assets/flags/ke.png"],"packages/international_phone_input/assets/flags/kg.png":["packages/international_phone_input/assets/flags/kg.png"],"packages/country_pickers/assets/kg.png":["packages/country_pickers/assets/kg.png"],"packages/international_phone_input/assets/flags/kh.png":["packages/international_phone_input/assets/flags/kh.png"],"packages/country_pickers/assets/kh.png":["packages/country_pickers/assets/kh.png"],"packages/country_pickers/assets/ki.png":["packages/country_pickers/assets/ki.png"],"packages/international_phone_input/assets/flags/ki.png":["packages/international_phone_input/assets/flags/ki.png"],"packages/country_pickers/assets/km.png":["packages/country_pickers/assets/km.png"],"packages/international_phone_input/assets/flags/km.png":["packages/international_phone_input/assets/flags/km.png"],"packages/country_pickers/assets/kn.png":["packages/country_pickers/assets/kn.png"],"packages/international_phone_input/assets/flags/kn.png":["packages/international_phone_input/assets/flags/kn.png"],"packages/international_phone_input/assets/flags/kp.png":["packages/international_phone_input/assets/flags/kp.png"],"packages/country_pickers/assets/kp.png":["packages/country_pickers/assets/kp.png"],"packages/country_pickers/assets/kr.png":["packages/country_pickers/assets/kr.png"],"packages/international_phone_input/assets/flags/kr.png":["packages/international_phone_input/assets/flags/kr.png"],"packages/international_phone_input/assets/flags/kw.png":["packages/international_phone_input/assets/flags/kw.png"],"packages/country_pickers/assets/kw.png":["packages/country_pickers/assets/kw.png"],"packages/country_pickers/assets/ky.png":["packages/country_pickers/assets/ky.png"],"packages/international_phone_input/assets/flags/ky.png":["packages/international_phone_input/assets/flags/ky.png"],"packages/international_phone_input/assets/flags/kz.png":["packages/international_phone_input/assets/flags/kz.png"],"packages/country_pickers/assets/kz.png":["packages/country_pickers/assets/kz.png"],"packages/country_pickers/assets/la.png":["packages/country_pickers/assets/la.png"],"packages/international_phone_input/assets/flags/la.png":["packages/international_phone_input/assets/flags/la.png"],"packages/international_phone_input/assets/flags/lb.png":["packages/international_phone_input/assets/flags/lb.png"],"packages/country_pickers/assets/lb.png":["packages/country_pickers/assets/lb.png"],"packages/international_phone_input/assets/flags/lc.png":["packages/international_phone_input/assets/flags/lc.png"],"packages/country_pickers/assets/lc.png":["packages/country_pickers/assets/lc.png"],"packages/country_pickers/assets/li.png":["packages/country_pickers/assets/li.png"],"packages/international_phone_input/assets/flags/li.png":["packages/international_phone_input/assets/flags/li.png"],"assets/icons/categories/lifeware.png":["assets/icons/categories/lifeware.png","assets/icons/categories/2.0x/lifeware.png","assets/icons/categories/3.0x/lifeware.png"],"packages/international_phone_input/assets/flags/lk.png":["packages/international_phone_input/assets/flags/lk.png"],"packages/country_pickers/assets/lk.png":["packages/country_pickers/assets/lk.png"],"assets/icons/tabs/logo.png":["assets/icons/tabs/logo.png"],"assets/images/logo.png":["assets/images/logo.png","assets/images/2.0x/logo.png","assets/images/3.0x/logo.png"],"assets/images/onboarding/logo1.png":["assets/images/onboarding/logo1.png","assets/images/onboarding/2.0x/logo1.png","assets/images/onboarding/3.0x/logo1.png"],"assets/images/onboarding/logo2.png":["assets/images/onboarding/logo2.png","assets/images/onboarding/2.0x/logo2.png","assets/images/onboarding/3.0x/logo2.png"],"assets/images/onboarding/logo3.png":["assets/images/onboarding/logo3.png","assets/images/onboarding/2.0x/logo3.png","assets/images/onboarding/3.0x/logo3.png"],"packages/international_phone_input/assets/flags/lr.png":["packages/international_phone_input/assets/flags/lr.png"],"packages/country_pickers/assets/lr.png":["packages/country_pickers/assets/lr.png"],"packages/international_phone_input/assets/flags/ls.png":["packages/international_phone_input/assets/flags/ls.png"],"packages/country_pickers/assets/ls.png":["packages/country_pickers/assets/ls.png"],"packages/international_phone_input/assets/flags/lt.png":["packages/international_phone_input/assets/flags/lt.png"],"packages/country_pickers/assets/lt.png":["packages/country_pickers/assets/lt.png"],"packages/international_phone_input/assets/flags/lu.png":["packages/international_phone_input/assets/flags/lu.png"],"packages/country_pickers/assets/lu.png":["packages/country_pickers/assets/lu.png"],"packages/international_phone_input/assets/flags/lv.png":["packages/international_phone_input/assets/flags/lv.png"],"packages/country_pickers/assets/lv.png":["packages/country_pickers/assets/lv.png"],"packages/international_phone_input/assets/flags/ly.png":["packages/international_phone_input/assets/flags/ly.png"],"packages/country_pickers/assets/ly.png":["packages/country_pickers/assets/ly.png"],"packages/country_pickers/assets/ma.png":["packages/country_pickers/assets/ma.png"],"packages/international_phone_input/assets/flags/ma.png":["packages/international_phone_input/assets/flags/ma.png"],"assets/icons/home/mail.png":["assets/icons/home/mail.png","assets/icons/home/2.0x/mail.png","assets/icons/home/3.0x/mail.png"],"packages/international_phone_input/assets/flags/mc.png":["packages/international_phone_input/assets/flags/mc.png"],"packages/country_pickers/assets/mc.png":["packages/country_pickers/assets/mc.png"],"packages/international_phone_input/assets/flags/md.png":["packages/international_phone_input/assets/flags/md.png"],"packages/country_pickers/assets/md.png":["packages/country_pickers/assets/md.png"],"packages/international_phone_input/assets/flags/me.png":["packages/international_phone_input/assets/flags/me.png"],"packages/country_pickers/assets/me.png":["packages/country_pickers/assets/me.png"],"packages/international_phone_input/assets/flags/mf.png":["packages/international_phone_input/assets/flags/mf.png"],"packages/country_pickers/assets/mf.png":["packages/country_pickers/assets/mf.png"],"packages/international_phone_input/assets/flags/mg.png":["packages/international_phone_input/assets/flags/mg.png"],"packages/country_pickers/assets/mg.png":["packages/country_pickers/assets/mg.png"],"packages/international_phone_input/assets/flags/mh.png":["packages/international_phone_input/assets/flags/mh.png"],"packages/country_pickers/assets/mh.png":["packages/country_pickers/assets/mh.png"],"packages/country_pickers/assets/mk.png":["packages/country_pickers/assets/mk.png"],"packages/international_phone_input/assets/flags/mk.png":["packages/international_phone_input/assets/flags/mk.png"],"packages/country_pickers/assets/ml.png":["packages/country_pickers/assets/ml.png"],"packages/international_phone_input/assets/flags/ml.png":["packages/international_phone_input/assets/flags/ml.png"],"packages/international_phone_input/assets/flags/mm.png":["packages/international_phone_input/assets/flags/mm.png"],"packages/country_pickers/assets/mm.png":["packages/country_pickers/assets/mm.png"],"packages/international_phone_input/assets/flags/mn.png":["packages/international_phone_input/assets/flags/mn.png"],"packages/country_pickers/assets/mn.png":["packages/country_pickers/assets/mn.png"],"packages/country_pickers/assets/mo.png":["packages/country_pickers/assets/mo.png"],"packages/international_phone_input/assets/flags/mo.png":["packages/international_phone_input/assets/flags/mo.png"],"packages/international_phone_input/assets/flags/mp.png":["packages/international_phone_input/assets/flags/mp.png"],"packages/country_pickers/assets/mp.png":["packages/country_pickers/assets/mp.png"],"packages/international_phone_input/assets/flags/mq.png":["packages/international_phone_input/assets/flags/mq.png"],"packages/country_pickers/assets/mq.png":["packages/country_pickers/assets/mq.png"],"packages/country_pickers/assets/mr.png":["packages/country_pickers/assets/mr.png"],"packages/international_phone_input/assets/flags/mr.png":["packages/international_phone_input/assets/flags/mr.png"],"packages/international_phone_input/assets/flags/ms.png":["packages/international_phone_input/assets/flags/ms.png"],"packages/country_pickers/assets/ms.png":["packages/country_pickers/assets/ms.png"],"packages/international_phone_input/assets/flags/mt.png":["packages/international_phone_input/assets/flags/mt.png"],"packages/country_pickers/assets/mt.png":["packages/country_pickers/assets/mt.png"],"packages/country_pickers/assets/mu.png":["packages/country_pickers/assets/mu.png"],"packages/international_phone_input/assets/flags/mu.png":["packages/international_phone_input/assets/flags/mu.png"],"packages/international_phone_input/assets/flags/mv.png":["packages/international_phone_input/assets/flags/mv.png"],"packages/country_pickers/assets/mv.png":["packages/country_pickers/assets/mv.png"],"packages/international_phone_input/assets/flags/mw.png":["packages/international_phone_input/assets/flags/mw.png"],"packages/country_pickers/assets/mw.png":["packages/country_pickers/assets/mw.png"],"packages/country_pickers/assets/mx.png":["packages/country_pickers/assets/mx.png"],"packages/international_phone_input/assets/flags/mx.png":["packages/international_phone_input/assets/flags/mx.png"],"packages/country_pickers/assets/my.png":["packages/country_pickers/assets/my.png"],"packages/international_phone_input/assets/flags/my.png":["packages/international_phone_input/assets/flags/my.png"],"packages/country_pickers/assets/mz.png":["packages/country_pickers/assets/mz.png"],"packages/international_phone_input/assets/flags/mz.png":["packages/international_phone_input/assets/flags/mz.png"],"packages/country_pickers/assets/na.png":["packages/country_pickers/assets/na.png"],"packages/international_phone_input/assets/flags/na.png":["packages/international_phone_input/assets/flags/na.png"],"lib/common/navigation.dart":["lib/common/navigation.dart"],"packages/country_pickers/assets/nc.png":["packages/country_pickers/assets/nc.png"],"packages/international_phone_input/assets/flags/nc.png":["packages/international_phone_input/assets/flags/nc.png"],"packages/country_pickers/assets/ne.png":["packages/country_pickers/assets/ne.png"],"packages/international_phone_input/assets/flags/ne.png":["packages/international_phone_input/assets/flags/ne.png"],"packages/country_pickers/assets/nf.png":["packages/country_pickers/assets/nf.png"],"packages/international_phone_input/assets/flags/nf.png":["packages/international_phone_input/assets/flags/nf.png"],"packages/country_pickers/assets/ng.png":["packages/country_pickers/assets/ng.png"],"packages/international_phone_input/assets/flags/ng.png":["packages/international_phone_input/assets/flags/ng.png"],"packages/international_phone_input/assets/flags/ni.png":["packages/international_phone_input/assets/flags/ni.png"],"packages/country_pickers/assets/ni.png":["packages/country_pickers/assets/ni.png"],"packages/international_phone_input/assets/flags/nl.png":["packages/international_phone_input/assets/flags/nl.png"],"packages/country_pickers/assets/nl.png":["packages/country_pickers/assets/nl.png"],"packages/country_pickers/assets/no.png":["packages/country_pickers/assets/no.png"],"packages/international_phone_input/assets/flags/no.png":["packages/international_phone_input/assets/flags/no.png"],"packages/country_pickers/assets/np.png":["packages/country_pickers/assets/np.png"],"packages/international_phone_input/assets/flags/np.png":["packages/international_phone_input/assets/flags/np.png"],"packages/country_pickers/assets/nr.png":["packages/country_pickers/assets/nr.png"],"packages/international_phone_input/assets/flags/nr.png":["packages/international_phone_input/assets/flags/nr.png"],"packages/international_phone_input/assets/flags/nu.png":["packages/international_phone_input/assets/flags/nu.png"],"packages/country_pickers/assets/nu.png":["packages/country_pickers/assets/nu.png"],"packages/country_pickers/assets/nz.png":["packages/country_pickers/assets/nz.png"],"packages/international_phone_input/assets/flags/nz.png":["packages/international_phone_input/assets/flags/nz.png"],"packages/country_pickers/assets/om.png":["packages/country_pickers/assets/om.png"],"packages/international_phone_input/assets/flags/om.png":["packages/international_phone_input/assets/flags/om.png"],"assets/images/onboarding/onboarding1.png":["assets/images/onboarding/onboarding1.png","assets/images/onboarding/2.0x/onboarding1.png","assets/images/onboarding/3.0x/onboarding1.png"],"assets/images/onboarding/onboarding2.png":["assets/images/onboarding/onboarding2.png","assets/images/onboarding/2.0x/onboarding2.png","assets/images/onboarding/3.0x/onboarding2.png"],"assets/images/onboarding/onboarding3.png":["assets/images/onboarding/onboarding3.png","assets/images/onboarding/2.0x/onboarding3.png","assets/images/onboarding/3.0x/onboarding3.png"],"packages/international_phone_input/assets/flags/pa.png":["packages/international_phone_input/assets/flags/pa.png"],"packages/country_pickers/assets/pa.png":["packages/country_pickers/assets/pa.png"],"assets/icons/categories/pants.png":["assets/icons/categories/pants.png","assets/icons/categories/2.0x/pants.png","assets/icons/categories/3.0x/pants.png"],"assets/icons/setting/password.svg":["assets/icons/setting/password.svg"],"assets/icons/setting/payment.svg":["assets/icons/setting/payment.svg"],"assets/icons/payment/paypal.png":["assets/icons/payment/paypal.png"],"packages/country_pickers/assets/pe.png":["packages/country_pickers/assets/pe.png"],"packages/international_phone_input/assets/flags/pe.png":["packages/international_phone_input/assets/flags/pe.png"],"packages/international_phone_input/assets/flags/pf.png":["packages/international_phone_input/assets/flags/pf.png"],"packages/country_pickers/assets/pf.png":["packages/country_pickers/assets/pf.png"],"packages/international_phone_input/assets/flags/pg.png":["packages/international_phone_input/assets/flags/pg.png"],"packages/country_pickers/assets/pg.png":["packages/country_pickers/assets/pg.png"],"packages/international_phone_input/assets/flags/ph.png":["packages/international_phone_input/assets/flags/ph.png"],"packages/country_pickers/assets/ph.png":["packages/country_pickers/assets/ph.png"],"packages/country_pickers/assets/pk.png":["packages/country_pickers/assets/pk.png"],"packages/international_phone_input/assets/flags/pk.png":["packages/international_phone_input/assets/flags/pk.png"],"packages/international_phone_input/assets/flags/pl.png":["packages/international_phone_input/assets/flags/pl.png"],"packages/country_pickers/assets/pl.png":["packages/country_pickers/assets/pl.png"],"packages/international_phone_input/assets/flags/pm.png":["packages/international_phone_input/assets/flags/pm.png"],"packages/country_pickers/assets/pm.png":["packages/country_pickers/assets/pm.png"],"packages/international_phone_input/assets/flags/pn.png":["packages/international_phone_input/assets/flags/pn.png"],"packages/country_pickers/assets/pn.png":["packages/country_pickers/assets/pn.png"],"packages/international_phone_input/assets/flags/pr.png":["packages/international_phone_input/assets/flags/pr.png"],"packages/country_pickers/assets/pr.png":["packages/country_pickers/assets/pr.png"],"assets/icons/setting/profile-picture.png":["assets/icons/setting/profile-picture.png","assets/icons/setting/2.0x/profile-picture.png","assets/icons/setting/3.0x/profile-picture.png"],"assets/icons/account/profile0.png":["assets/icons/account/profile0.png","assets/icons/account/2.0x/profile0.png","assets/icons/account/3.0x/profile0.png"],"assets/icons/account/profile1.png":["assets/icons/account/profile1.png","assets/icons/account/2.0x/profile1.png","assets/icons/account/3.0x/profile1.png"],"assets/icons/account/profile2.png":["assets/icons/account/profile2.png","assets/icons/account/2.0x/profile2.png","assets/icons/account/3.0x/profile2.png"],"packages/country_pickers/assets/ps.png":["packages/country_pickers/assets/ps.png"],"packages/international_phone_input/assets/flags/ps.png":["packages/international_phone_input/assets/flags/ps.png"],"packages/international_phone_input/assets/flags/pt.png":["packages/international_phone_input/assets/flags/pt.png"],"packages/country_pickers/assets/pt.png":["packages/country_pickers/assets/pt.png"],"packages/international_phone_input/assets/flags/pw.png":["packages/international_phone_input/assets/flags/pw.png"],"packages/country_pickers/assets/pw.png":["packages/country_pickers/assets/pw.png"],"packages/country_pickers/assets/py.png":["packages/country_pickers/assets/py.png"],"packages/international_phone_input/assets/flags/py.png":["packages/international_phone_input/assets/flags/py.png"],"packages/international_phone_input/assets/flags/qa.png":["packages/international_phone_input/assets/flags/qa.png"],"packages/country_pickers/assets/qa.png":["packages/country_pickers/assets/qa.png"],"assets/icons/setting/rate.svg":["assets/icons/setting/rate.svg"],"assets/icons/payment/razorpay.png":["assets/icons/payment/razorpay.png"],"packages/international_phone_input/assets/flags/re.png":["packages/international_phone_input/assets/flags/re.png"],"packages/country_pickers/assets/re.png":["packages/country_pickers/assets/re.png"],"assets/icons/cart/received-package-illustration.png":["assets/icons/cart/received-package-illustration.png","assets/icons/cart/2.0x/received-package-illustration.png"],"assets/icons/remove_cart_circle.svg":["assets/icons/remove_cart_circle.svg"],"assets/icons/home/review.png":["assets/icons/home/review.png","assets/icons/home/2.0x/review.png","assets/icons/home/3.0x/review.png"],"packages/international_phone_input/assets/flags/ro.png":["packages/international_phone_input/assets/flags/ro.png"],"packages/country_pickers/assets/ro.png":["packages/country_pickers/assets/ro.png"],"packages/international_phone_input/assets/flags/rs.png":["packages/international_phone_input/assets/flags/rs.png"],"packages/country_pickers/assets/rs.png":["packages/country_pickers/assets/rs.png"],"packages/international_phone_input/assets/flags/ru.png":["packages/international_phone_input/assets/flags/ru.png"],"packages/country_pickers/assets/ru.png":["packages/country_pickers/assets/ru.png"],"packages/international_phone_input/assets/flags/rw.png":["packages/international_phone_input/assets/flags/rw.png"],"packages/country_pickers/assets/rw.png":["packages/country_pickers/assets/rw.png"],"packages/country_pickers/assets/sa.png":["packages/country_pickers/assets/sa.png"],"packages/international_phone_input/assets/flags/sa.png":["packages/international_phone_input/assets/flags/sa.png"],"packages/country_pickers/assets/sb.png":["packages/country_pickers/assets/sb.png"],"packages/international_phone_input/assets/flags/sb.png":["packages/international_phone_input/assets/flags/sb.png"],"packages/country_pickers/assets/sc.png":["packages/country_pickers/assets/sc.png"],"packages/international_phone_input/assets/flags/sc.png":["packages/international_phone_input/assets/flags/sc.png"],"packages/international_phone_input/assets/flags/sd.png":["packages/international_phone_input/assets/flags/sd.png"],"packages/country_pickers/assets/sd.png":["packages/country_pickers/assets/sd.png"],"packages/country_pickers/assets/se.png":["packages/country_pickers/assets/se.png"],"packages/international_phone_input/assets/flags/se.png":["packages/international_phone_input/assets/flags/se.png"],"packages/international_phone_input/assets/flags/sg.png":["packages/international_phone_input/assets/flags/sg.png"],"packages/country_pickers/assets/sg.png":["packages/country_pickers/assets/sg.png"],"packages/international_phone_input/assets/flags/sh.png":["packages/international_phone_input/assets/flags/sh.png"],"packages/country_pickers/assets/sh.png":["packages/country_pickers/assets/sh.png"],"assets/icons/setting/share.svg":["assets/icons/setting/share.svg"],"assets/icons/setting/shipping-address.svg":["assets/icons/setting/shipping-address.svg"],"assets/icons/categories/shoes.png":["assets/icons/categories/shoes.png","assets/icons/categories/2.0x/shoes.png","assets/icons/categories/3.0x/shoes.png"],"packages/international_phone_input/assets/flags/si.png":["packages/international_phone_input/assets/flags/si.png"],"packages/country_pickers/assets/si.png":["packages/country_pickers/assets/si.png"],"lib/common/sizeConfig.dart":["lib/common/sizeConfig.dart"],"packages/country_pickers/assets/sj.png":["packages/country_pickers/assets/sj.png"],"packages/international_phone_input/assets/flags/sj.png":["packages/international_phone_input/assets/flags/sj.png"],"packages/country_pickers/assets/sk.png":["packages/country_pickers/assets/sk.png"],"packages/international_phone_input/assets/flags/sk.png":["packages/international_phone_input/assets/flags/sk.png"],"assets/icons/categories/skirt.png":["assets/icons/categories/skirt.png","assets/icons/categories/2.0x/skirt.png","assets/icons/categories/3.0x/skirt.png"],"packages/country_pickers/assets/sl.png":["packages/country_pickers/assets/sl.png"],"packages/international_phone_input/assets/flags/sl.png":["packages/international_phone_input/assets/flags/sl.png"],"packages/international_phone_input/assets/flags/sm.png":["packages/international_phone_input/assets/flags/sm.png"],"packages/country_pickers/assets/sm.png":["packages/country_pickers/assets/sm.png"],"packages/country_pickers/assets/sn.png":["packages/country_pickers/assets/sn.png"],"packages/international_phone_input/assets/flags/sn.png":["packages/international_phone_input/assets/flags/sn.png"],"packages/country_pickers/assets/so.png":["packages/country_pickers/assets/so.png"],"packages/international_phone_input/assets/flags/so.png":["packages/international_phone_input/assets/flags/so.png"],"assets/images/onboarding/splash_page.png":["assets/images/onboarding/splash_page.png"],"assets/images/splashscreen.flr":["assets/images/splashscreen.flr"],"assets/images/splashscreen.png":["assets/images/splashscreen.png"],"packages/international_phone_input/assets/flags/sr.png":["packages/international_phone_input/assets/flags/sr.png"],"packages/country_pickers/assets/sr.png":["packages/country_pickers/assets/sr.png"],"packages/country_pickers/assets/ss.png":["packages/country_pickers/assets/ss.png"],"packages/international_phone_input/assets/flags/ss.png":["packages/international_phone_input/assets/flags/ss.png"],"packages/country_pickers/assets/st.png":["packages/country_pickers/assets/st.png"],"packages/international_phone_input/assets/flags/st.png":["packages/international_phone_input/assets/flags/st.png"],"assets/icons/payment/stripe.png":["assets/icons/payment/stripe.png"],"lib/common/styles.dart":["lib/common/styles.dart"],"assets/icons/product_detail/substract-stepper.svg":["assets/icons/product_detail/substract-stepper.svg"],"packages/country_pickers/assets/sv.png":["packages/country_pickers/assets/sv.png"],"packages/international_phone_input/assets/flags/sv.png":["packages/international_phone_input/assets/flags/sv.png"],"packages/international_phone_input/assets/flags/sx.png":["packages/international_phone_input/assets/flags/sx.png"],"packages/country_pickers/assets/sx.png":["packages/country_pickers/assets/sx.png"],"packages/country_pickers/assets/sy.png":["packages/country_pickers/assets/sy.png"],"packages/international_phone_input/assets/flags/sy.png":["packages/international_phone_input/assets/flags/sy.png"],"packages/country_pickers/assets/sz.png":["packages/country_pickers/assets/sz.png"],"packages/international_phone_input/assets/flags/sz.png":["packages/international_phone_input/assets/flags/sz.png"],"packages/international_phone_input/assets/flags/tc.png":["packages/international_phone_input/assets/flags/tc.png"],"packages/country_pickers/assets/tc.png":["packages/country_pickers/assets/tc.png"],"packages/country_pickers/assets/td.png":["packages/country_pickers/assets/td.png"],"packages/international_phone_input/assets/flags/td.png":["packages/international_phone_input/assets/flags/td.png"],"assets/files/test.html":["assets/files/test.html"],"packages/country_pickers/assets/tf.png":["packages/country_pickers/assets/tf.png"],"packages/international_phone_input/assets/flags/tf.png":["packages/international_phone_input/assets/flags/tf.png"],"packages/country_pickers/assets/tg.png":["packages/country_pickers/assets/tg.png"],"packages/international_phone_input/assets/flags/tg.png":["packages/international_phone_input/assets/flags/tg.png"],"packages/country_pickers/assets/th.png":["packages/country_pickers/assets/th.png"],"packages/international_phone_input/assets/flags/th.png":["packages/international_phone_input/assets/flags/th.png"],"assets/images/thumbs_up.png":["assets/images/thumbs_up.png","assets/images/2.0x/thumbs_up.png","assets/images/3.0x/thumbs_up.png"],"packages/country_pickers/assets/tj.png":["packages/country_pickers/assets/tj.png"],"packages/international_phone_input/assets/flags/tj.png":["packages/international_phone_input/assets/flags/tj.png"],"packages/international_phone_input/assets/flags/tk.png":["packages/international_phone_input/assets/flags/tk.png"],"packages/country_pickers/assets/tk.png":["packages/country_pickers/assets/tk.png"],"packages/country_pickers/assets/tl.png":["packages/country_pickers/assets/tl.png"],"packages/international_phone_input/assets/flags/tl.png":["packages/international_phone_input/assets/flags/tl.png"],"packages/country_pickers/assets/tm.png":["packages/country_pickers/assets/tm.png"],"packages/international_phone_input/assets/flags/tm.png":["packages/international_phone_input/assets/flags/tm.png"],"packages/country_pickers/assets/tn.png":["packages/country_pickers/assets/tn.png"],"packages/international_phone_input/assets/flags/tn.png":["packages/international_phone_input/assets/flags/tn.png"],"packages/country_pickers/assets/to.png":["packages/country_pickers/assets/to.png"],"packages/international_phone_input/assets/flags/to.png":["packages/international_phone_input/assets/flags/to.png"],"lib/common/tools.dart":["lib/common/tools.dart"],"assets/icons/categories/top.png":["assets/icons/categories/top.png","assets/icons/categories/2.0x/top.png","assets/icons/categories/3.0x/top.png"],"packages/international_phone_input/assets/flags/tr.png":["packages/international_phone_input/assets/flags/tr.png"],"packages/country_pickers/assets/tr.png":["packages/country_pickers/assets/tr.png"],"packages/country_pickers/assets/tt.png":["packages/country_pickers/assets/tt.png"],"packages/international_phone_input/assets/flags/tt.png":["packages/international_phone_input/assets/flags/tt.png"],"packages/international_phone_input/assets/flags/tv.png":["packages/international_phone_input/assets/flags/tv.png"],"packages/country_pickers/assets/tv.png":["packages/country_pickers/assets/tv.png"],"packages/international_phone_input/assets/flags/tw.png":["packages/international_phone_input/assets/flags/tw.png"],"packages/country_pickers/assets/tw.png":["packages/country_pickers/assets/tw.png"],"packages/international_phone_input/assets/flags/tz.png":["packages/international_phone_input/assets/flags/tz.png"],"packages/country_pickers/assets/tz.png":["packages/country_pickers/assets/tz.png"],"packages/country_pickers/assets/ua.png":["packages/country_pickers/assets/ua.png"],"packages/international_phone_input/assets/flags/ua.png":["packages/international_phone_input/assets/flags/ua.png"],"packages/country_pickers/assets/ug.png":["packages/country_pickers/assets/ug.png"],"packages/international_phone_input/assets/flags/ug.png":["packages/international_phone_input/assets/flags/ug.png"],"packages/international_phone_input/assets/flags/um.png":["packages/international_phone_input/assets/flags/um.png"],"packages/country_pickers/assets/um.png":["packages/country_pickers/assets/um.png"],"packages/country_pickers/assets/us.png":["packages/country_pickers/assets/us.png"],"packages/international_phone_input/assets/flags/us.png":["packages/international_phone_input/assets/flags/us.png"],"packages/country_pickers/assets/uy.png":["packages/country_pickers/assets/uy.png"],"packages/international_phone_input/assets/flags/uy.png":["packages/international_phone_input/assets/flags/uy.png"],"packages/international_phone_input/assets/flags/uz.png":["packages/international_phone_input/assets/flags/uz.png"],"packages/country_pickers/assets/uz.png":["packages/country_pickers/assets/uz.png"],"packages/international_phone_input/assets/flags/va.png":["packages/international_phone_input/assets/flags/va.png"],"packages/country_pickers/assets/va.png":["packages/country_pickers/assets/va.png"],"packages/international_phone_input/assets/flags/vc.png":["packages/international_phone_input/assets/flags/vc.png"],"packages/country_pickers/assets/vc.png":["packages/country_pickers/assets/vc.png"],"packages/international_phone_input/assets/flags/ve.png":["packages/international_phone_input/assets/flags/ve.png"],"packages/country_pickers/assets/ve.png":["packages/country_pickers/assets/ve.png"],"packages/international_phone_input/assets/flags/vg.png":["packages/international_phone_input/assets/flags/vg.png"],"packages/country_pickers/assets/vg.png":["packages/country_pickers/assets/vg.png"],"packages/country_pickers/assets/vi.png":["packages/country_pickers/assets/vi.png"],"packages/international_phone_input/assets/flags/vi.png":["packages/international_phone_input/assets/flags/vi.png"],"assets/images/country/vn.png":["assets/images/country/vn.png"],"packages/country_pickers/assets/vn.png":["packages/country_pickers/assets/vn.png"],"packages/international_phone_input/assets/flags/vn.png":["packages/international_phone_input/assets/flags/vn.png"],"packages/country_pickers/assets/vu.png":["packages/country_pickers/assets/vu.png"],"packages/international_phone_input/assets/flags/vu.png":["packages/international_phone_input/assets/flags/vu.png"],"packages/country_pickers/assets/wf.png":["packages/country_pickers/assets/wf.png"],"packages/international_phone_input/assets/flags/wf.png":["packages/international_phone_input/assets/flags/wf.png"],"packages/international_phone_input/assets/flags/ws.png":["packages/international_phone_input/assets/flags/ws.png"],"packages/country_pickers/assets/ws.png":["packages/country_pickers/assets/ws.png"],"packages/country_pickers/assets/xk.png":["packages/country_pickers/assets/xk.png"],"packages/international_phone_input/assets/flags/xk.png":["packages/international_phone_input/assets/flags/xk.png"],"packages/country_pickers/assets/ye.png":["packages/country_pickers/assets/ye.png"],"packages/international_phone_input/assets/flags/ye.png":["packages/international_phone_input/assets/flags/ye.png"],"packages/country_pickers/assets/yt.png":["packages/country_pickers/assets/yt.png"],"packages/international_phone_input/assets/flags/yt.png":["packages/international_phone_input/assets/flags/yt.png"],"packages/country_pickers/assets/za.png":["packages/country_pickers/assets/za.png"],"packages/international_phone_input/assets/flags/za.png":["packages/international_phone_input/assets/flags/za.png"],"packages/country_pickers/assets/zm.png":["packages/country_pickers/assets/zm.png"],"packages/international_phone_input/assets/flags/zm.png":["packages/international_phone_input/assets/flags/zm.png"],"packages/international_phone_input/assets/flags/zw.png":["packages/international_phone_input/assets/flags/zw.png"],"packages/country_pickers/assets/zw.png":["packages/country_pickers/assets/zw.png"]}