[{"family":"MaterialIcons","fonts":[{"asset":"fonts/MaterialIcons-Regular.ttf"}]},{"family":"BeVietnam","fonts":[{"asset":"assets/fonts/BeVietnam/BeVietnam-Regular.ttf"},{"asset":"assets/fonts/BeVietnam/BeVietnam-Italic.ttf"},{"asset":"assets/fonts/BeVietnam/BeVietnam-Bold.ttf"},{"asset":"assets/fonts/BeVietnam/BeVietnam-SemiBold.ttf"},{"asset":"assets/fonts/BeVietnam/BeVietnam-Thin.ttf"},{"asset":"assets/fonts/BeVietnam/BeVietnam-ThinItalic.ttf"}]},{"family":"packages/cupertino_icons/CupertinoIcons","fonts":[{"asset":"packages/cupertino_icons/assets/CupertinoIcons.ttf"}]},{"family":"MaterialIcons","fonts":[{"asset":"fonts/MaterialIcons-Regular.ttf"}]},{"family":"packages/font_awesome_flutter/FontAwesomeBrands","fonts":[{"weight":400,"asset":"packages/font_awesome_flutter/lib/fonts/fa-brands-400.ttf"}]},{"family":"packages/font_awesome_flutter/FontAwesomeRegular","fonts":[{"weight":400,"asset":"packages/font_awesome_flutter/lib/fonts/fa-regular-400.ttf"}]},{"family":"packages/font_awesome_flutter/FontAwesomeSolid","fonts":[{"weight":900,"asset":"packages/font_awesome_flutter/lib/fonts/fa-solid-900.ttf"}]},{"family":"MaterialIcons","fonts":[{"asset":"fonts/MaterialIcons-Regular.ttf"}]},{"family":"MaterialIcons","fonts":[{"asset":"fonts/MaterialIcons-Regular.ttf"}]},{"family":"MaterialIcons","fonts":[{"asset":"fonts/MaterialIcons-Regular.ttf"}]}]