{
  "HorizonLayout": [{
      "layout": "logo",
      "showMenu": false,
      "showSearch": false
    },
    {
      "layout": "category",
      "type": "icon",
      "wrap": false,
      "size": 1.0,
      "radius": 50.0,
      "items": [{
          "category": 18,
          "image": "https://user-images.githubusercontent.com/1459805/62820029-2e679f00-bb88-11e9-80de-fdf115cfd942.png",
          "colors": [
            "#3CC2BF",
            "#3CC2BF"
          ],
          "originalColor": false
        },
        {
          "category": 22,
          "image": "assets/icons/categories/ic_dress.png",
          "colors": [
            "#3E6AB5",
            "#3E6AB5"
          ]
        },
        {
          "category": 208,
          "image": "assets/icons/categories/ic_shorts.png",
          "colors": [
            "#53A2CC",
            "#53A2CC"
          ]
        },
        {
          "category": 211,
          "image": "assets/icons/categories/ic_glasses.png",
          "colors": [
            "#53688A",
            "#53688A"
          ]
        },
        {
          "category": 210,
          "image": "assets/icons/categories/ic_tie.png",
          "colors": [
            "#43506A",
            "#43506A"
          ]
        },
        {
          "category": 210,
          "image": "assets/icons/categories/ic_panties.png",
          "colors": [
            "#12B58C",
            "#12B58C"
          ]
        }
      ]
    },
    {
      "layout": "bannerImage",
      "isSlider": true,
      "autoPlay": false,
      "showNumber": false,
      "design": "default",
      "showBackGround": true,
      "radius": 2.0,
      "items": [{
          "category": 18,
          "image": "https://user-images.githubusercontent.com/1459805/59846818-12672e80-938b-11e9-8184-5f7bfe66f1a2.png",
          "padding": 15.0
        },
        {
          "category": 22,
          "image": "https://user-images.githubusercontent.com/1459805/60091575-1f12ca80-976f-11e9-962c-bdccff60d143.png",
          "padding": 15.0
        },
        {
          "product": 436,
          "image": "https://user-images.githubusercontent.com/1459805/60091808-a19b8a00-976f-11e9-9cc7-576ca05c2442.png",
          "padding": 15.0
        }
      ]
    },
    {
      "layout": "bannerImage",
      "items": [{
        "url": "https://inspireui.com",
        "image": "https://user-images.githubusercontent.com/1459805/59846820-12672e80-938b-11e9-8fa6-b331b7db331d.png",
        "padding": 5.0
      }]
    },
    {
      "layout": "bannerImage",
      "items": [{
          "category": 27,
          "image": "https://user-images.githubusercontent.com/1459805/59846823-12ffc500-938b-11e9-8d93-65ead3d6b1dd.png",
          "padding": 5.0
        },
        {
          "category": 21,
          "image": "https://user-images.githubusercontent.com/1459805/59846824-12ffc500-938b-11e9-8d5a-fc42cb1b7658.png",
          "padding": 5.0,
          "featured": true
        }
      ]
    },
    {
      "name": "Recent View",
      "layout": "recentView"
    },
    {
      "name": "Woman Collections",
      "image": "",
      "layout": "threeColumn",
      "category": 26,
      "isSnapping": true
    },
    {
      "name": "Man Collections",
      "image": "",
      "layout": "twoColumn",
      "category": 21,
      "isSnapping": true
    },
    {
      "name": "Our Blog Posts",
      "layout": "blog"
    },
    {
      "name": "New Collections",
      "layout": "staggered",
      "limit": 20,
      "category": 29
    }
  ],
  "Setting": {
    "MainColor": "#3FC1BE",
    "ProductListLayout": "list"
  },

  "TabBar": [{
      "layout": "home",
      "active-icon": "assets/icons/tabs/home-active.svg",
      "icon": "assets/icons/tabs/home-inactive.svg"
    },
    {
      "layout": "category",
      "categoryLayout": "card",
      "active-icon": "assets/icons/tabs/category-active.svg",
      "icon": "assets/icons/tabs/category-inactive.svg"
    },

    {
      "layout": "cart",
      "active-icon": "assets/icons/tabs/cart-active.svg",
      "icon": "assets/icons/tabs/cart-inactive.svg"
    },
    {
      "layout": "profile",
      "active-icon": "assets/icons/tabs/account-active.svg",
      "icon": "assets/icons/tabs/account-inactive.svg"
    }
  ],
  "Categories": [

    {
      "name": "ALL",
      "image": "assets/icons/categories/all.png",
      "id": 0,
      "parent": "all",
      "subCategories": [{
        "name": "long dress",
        "id": 2,
        "parent": 1
      }]
    },


    {
      "name": "TOP",
      "image": "assets/icons/categories/top.png",
      "id": 1,
      "parent": "all",
      "subCategories": [{
          "name": "long dress",
          "id": 2,
          "parent": 1
        },
        {
          "name": "long dress",
          "id": 2,
          "parent": 1
        }
      ]
    },

    {
      "name": "COAT",
      "image": "assets/icons/categories/coat.png",
      "id": 5,
      "parent": "all",
      "subCategories": [{
        "name": "long dress",
        "id": 2,
        "parent": 1
      }]

    }, {
      "name": "PANT",
      "image": "assets/icons/categories/pants.png",
      "id": 2,
      "parent": "all",
      "subCategories": [{
        "name": "long dress",
        "id": 2,
        "parent": 1
      }]
    },
    {
      "name": "SKIRT",
      "image": "assets/icons/categories/skirt.png",
      "id": 4,
      "parent": "all",
      "subCategories": [{
        "name": "long dress",
        "id": 2,
        "parent": 1
      }]

    }, {
      "name": "DRESS",
      "image": "assets/icons/categories/dress.png",
      "id": 3,
      "parent": "all",
      "subCategories": [{
        "name": "long dress",
        "id": 2,
        "parent": 1
      }]
    },
    {
      "name": "SHOE",
      "image": "assets/icons/categories/shoes.png",
      "id": 6,
      "parent": "all",
      "subCategories": [{
        "name": "long dress",
        "id": 2,
        "parent": 1
      }]
    },
    {
      "name": "UNDIE",
      "image": "assets/icons/categories/lifeware.png",
      "id": 7,
      "parent": "all",
      "subCategories": [{
        "name": "long dress",
        "id": 2,
        "parent": 1
      }]
    },
    {
      "name": "COSME",
      "image": "assets/icons/categories/cosmetics.png",
      "id": 8,
      "parent": "all",
      "subCategories": [{
        "name": "long dress",
        "id": 2,
        "parent": 1
      }]
    }
  ]
}